<?xml version="1.0" encoding="UTF-8"?>   
 <beans xmlns="http://www.springframework.org/schema/beans"
       xmlns:xsi="http://www.w3.org/2001/XMLSchema-instance"
       xmlns:tx="http://www.springframework.org/schema/tx"
       xmlns:context="http://www.springframework.org/schema/context"
       xsi:schemaLocation="http://www.springframework.org/schema/beans
       http://www.springframework.org/schema/beans/spring-beans-4.2.xsd
       http://www.springframework.org/schema/tx
       http://www.springframework.org/schema/tx/spring-tx-4.2.xsd
       http://www.springframework.org/schema/context
       http://www.springframework.org/schema/context/spring-context-4.2.xsd">  
    
     
    <context:component-scan base-package="com.cours.service,com.cours.dao" />
     
    <bean id="entityManagerFactory" class="org.springframework.orm.jpa.LocalContainerEntityManagerFactoryBean">
        <property name="persistenceXmlLocation" value="classpath*:META-INF/spring-persistence.xml"/>
        <property name="dataSource" ref="dataSource" />
        <property name="jpaVendorAdapter">
            <bean class="org.springframework.orm.jpa.vendor.HibernateJpaVendorAdapter">
                <!-- <property name="showSql" value="true" />-->
                <property name="databasePlatform" value="org.hibernate.dialect.MySQL5InnoDBDialect" />
                <property name="generateDdl" value="true" />
            </bean>
        </property>
        <property name="loadTimeWeaver">
            <bean class="org.springframework.instrument.classloading.InstrumentationLoadTimeWeaver" />
        </property>
    </bean>
    <!-- le gestionnaire de transactions -->
    <tx:annotation-driven transaction-manager="txManager" />
    <bean id="txManager" class="org.springframework.orm.jpa.JpaTransactionManager">
        <property name="entityManagerFactory" ref="entityManagerFactory" />
    </bean>
    <!-- traduction des exceptions -->
    <bean class="org.springframework.dao.annotation.PersistenceExceptionTranslationPostProcessor" />
    <!-- persistence -->
    <bean class="org.springframework.orm.jpa.support.PersistenceAnnotationBeanPostProcessor" />
    
    <!-- Simple implementation of the standard JDBC DataSource interface, 
    configuring the plain old JDBC DriverManager via bean properties -->
    <bean id="dataSource" class="org.springframework.jdbc.datasource.DriverManagerDataSource">
        <property name="driverClassName" value="com.mysql.jdbc.Driver" />
        <property name="url" value="jdbc:mysql://localhost:3306/base_quest_allo_docteur" />
        <property name="username" value="application" />
        <property name="password" value="passw0rd" />
    </bean>
</beans>